USER_ID,USERNAME,TASK_COMPLETED_STATUS,TASK_TITLE
2,Ervin Howell,True,totam atque quo nesciunt
2,Ervin Howell,True,totam atque quo nesciunt
2,Ervin Howell,True,totam atque quo nesciunt
2,Ervin Howell,True,totam atque quo nesciunt
2,Ervin Howell,True,totam atque quo nesciunt
2,Ervin Howell,True,totam atque quo nesciunt
2,Ervin Howell,True,totam atque quo nesciunt
2,Ervin Howell,True,totam atque quo nesciunt
2,Ervin Howell,True,totam atque quo nesciunt
2,Ervin Howell,True,totam atque quo nesciunt
2,Ervin Howell,True,totam atque quo nesciunt
2,Ervin Howell,True,totam atque quo nesciunt
2,Ervin Howell,True,totam atque quo nesciunt
2,Ervin Howell,True,totam atque quo nesciunt
2,Ervin Howell,True,totam atque quo nesciunt
2,Ervin Howell,True,totam atque quo nesciunt
2,Ervin Howell,True,totam atque quo nesciunt
2,Ervin Howell,True,totam atque quo nesciunt
2,Ervin Howell,True,totam atque quo nesciunt
2,Ervin Howell,True,totam atque quo nesciunt
